INSERT INTO games(slug, name, url)
VALUES ('minecraft-je', 'Minecraft Java Edition', 'https://www.minecraft.net'),
       ('minecraft-bedrock', 'Minecraft Bedrock Edition', 'https://www.minecraft.net'),
       ('minecraft-dungeons', 'Minecraft Dungeons', 'https://www.minecraftdungeons.net/');

INSERT INTO project_types(game_slug, slug, name, max_file_size)
VALUES ('minecraft-je', 'forge-mods', 'Forge Mods', 25000000),
       ('minecraft-je', 'maps', 'Maps', 25000000),
       ('minecraft-bedrock', 'mods', 'Mods', 25000000),
       ('minecraft-dungeons', 'mods', 'Mods', 25000000);

INSERT INTO game_default_project_type(game_slug, project_type_slug)
VALUES ('minecraft-je', 'forge-mods'),
       ('minecraft-bedrock', 'mods'),
       ('minecraft-dungeons', 'mods');

INSERT INTO tags(game_slug, project_type_slug, slug, name)
VALUES ('minecraft-je', 'forge-mods', 'tech', 'Tech'),
       ('minecraft-je', 'forge-mods', 'magic', 'Magic'),
       ('minecraft-bedrock', 'mods', 'magic', 'Magic');

INSERT INTO game_versions(game_slug, version, type, released)
VALUES ('minecraft-je', '20w10a', 'snapshot', STR_TO_DATE('2020-03-04T16:21:41', '%Y-%m-%dT%H:%i:%s')),
       ('minecraft-je', '20w09a', 'snapshot', STR_TO_DATE('2020-02-26T16:43:08', '%Y-%m-%dT%H:%i:%s')),
       ('minecraft-je', '20w08a', 'snapshot', STR_TO_DATE('2020-02-19T13:30:09', '%Y-%m-%dT%H:%i:%s')),
       ('minecraft-je', '20w07a', 'snapshot', STR_TO_DATE('2020-02-14T13:20:49', '%Y-%m-%dT%H:%i:%s')),
       ('minecraft-je', '20w06a', 'snapshot', STR_TO_DATE('2020-02-05T16:05:22', '%Y-%m-%dT%H:%i:%s')),
       ('minecraft-je', '1.15.2', 'release', STR_TO_DATE('2020-01-17T10:03:52', '%Y-%m-%dT%H:%i:%s')),
       ('minecraft-je', '1.15.2-pre2', 'snapshot', STR_TO_DATE('2020-01-16T12:35:57', '%Y-%m-%dT%H:%i:%s')),
       ('minecraft-je', '1.15.2-pre1', 'snapshot', STR_TO_DATE('2020-01-14T16:19:31', '%Y-%m-%dT%H:%i:%s')),
       ('minecraft-je', '1.15.1', 'release', STR_TO_DATE('2019-12-16T10:29:47', '%Y-%m-%dT%H:%i:%s')),
       ('minecraft-je', '1.15.1-pre1', 'snapshot', STR_TO_DATE('2019-12-12T14:02:30', '%Y-%m-%dT%H:%i:%s')),
       ('minecraft-je', '1.15', 'release', STR_TO_DATE('2019-12-09T13:13:38', '%Y-%m-%dT%H:%i:%s')),
       ('minecraft-je', '1.15-pre7', 'snapshot', STR_TO_DATE('2019-12-09T12:14:11', '%Y-%m-%dT%H:%i:%s')),
       ('minecraft-je', '1.15-pre6', 'snapshot', STR_TO_DATE('2019-12-06T12:04:30', '%Y-%m-%dT%H:%i:%s')),
       ('minecraft-je', '1.15-pre5', 'snapshot', STR_TO_DATE('2019-12-05T13:20:00', '%Y-%m-%dT%H:%i:%s')),
       ('minecraft-je', '1.15-pre4', 'snapshot', STR_TO_DATE('2019-12-03T12:24:24', '%Y-%m-%dT%H:%i:%s')),
       ('minecraft-je', '1.15-pre3', 'snapshot', STR_TO_DATE('2019-11-28T17:17:50', '%Y-%m-%dT%H:%i:%s')),
       ('minecraft-je', '1.15-pre2', 'snapshot', STR_TO_DATE('2019-11-25T18:09:38', '%Y-%m-%dT%H:%i:%s')),
       ('minecraft-je', '1.15-pre1', 'snapshot', STR_TO_DATE('2019-11-21T17:01:17', '%Y-%m-%dT%H:%i:%s')),
       ('minecraft-je', '19w46b', 'snapshot', STR_TO_DATE('2019-11-14T13:29:24', '%Y-%m-%dT%H:%i:%s')),
       ('minecraft-je', '19w46a', 'snapshot', STR_TO_DATE('2019-11-13T16:37:46', '%Y-%m-%dT%H:%i:%s')),
       ('minecraft-je', '19w45b', 'snapshot', STR_TO_DATE('2019-11-08T12:42:44', '%Y-%m-%dT%H:%i:%s')),
       ('minecraft-je', '19w45a', 'snapshot', STR_TO_DATE('2019-11-07T16:19:20', '%Y-%m-%dT%H:%i:%s')),
       ('minecraft-je', '19w44a', 'snapshot', STR_TO_DATE('2019-10-30T15:31:44', '%Y-%m-%dT%H:%i:%s')),
       ('minecraft-je', '19w42a', 'snapshot', STR_TO_DATE('2019-10-16T15:30:39', '%Y-%m-%dT%H:%i:%s')),
       ('minecraft-je', '19w41a', 'snapshot', STR_TO_DATE('2019-10-09T15:21:35', '%Y-%m-%dT%H:%i:%s')),
       ('minecraft-je', '19w40a', 'snapshot', STR_TO_DATE('2019-10-02T13:40:26', '%Y-%m-%dT%H:%i:%s')),
       ('minecraft-je', '19w39a', 'snapshot', STR_TO_DATE('2019-09-27T10:13:33', '%Y-%m-%dT%H:%i:%s')),
       ('minecraft-je', '19w38b', 'snapshot', STR_TO_DATE('2019-09-18T14:59:13', '%Y-%m-%dT%H:%i:%s')),
       ('minecraft-je', '19w38a', 'snapshot', STR_TO_DATE('2019-09-18T10:03:22', '%Y-%m-%dT%H:%i:%s')),
       ('minecraft-je', '19w37a', 'snapshot', STR_TO_DATE('2019-09-11T11:46:44', '%Y-%m-%dT%H:%i:%s')),
       ('minecraft-je', '19w36a', 'snapshot', STR_TO_DATE('2019-09-04T11:19:34', '%Y-%m-%dT%H:%i:%s')),
       ('minecraft-je', '19w35a', 'snapshot', STR_TO_DATE('2019-08-28T15:01:44', '%Y-%m-%dT%H:%i:%s')),
       ('minecraft-je', '19w34a', 'snapshot', STR_TO_DATE('2019-08-22T12:06:21', '%Y-%m-%dT%H:%i:%s')),
       ('minecraft-je', '1.14.4', 'release', STR_TO_DATE('2019-07-19T09:25:47', '%Y-%m-%dT%H:%i:%s')),
       ('minecraft-je', '1.14.4-pre7', 'snapshot', STR_TO_DATE('2019-07-18T11:32:36', '%Y-%m-%dT%H:%i:%s')),
       ('minecraft-je', '1.14.4-pre6', 'snapshot', STR_TO_DATE('2019-07-15T12:39:49', '%Y-%m-%dT%H:%i:%s')),
       ('minecraft-je', '1.14.4-pre5', 'snapshot', STR_TO_DATE('2019-07-11T10:52:33', '%Y-%m-%dT%H:%i:%s')),
       ('minecraft-je', '1.14.4-pre4', 'snapshot', STR_TO_DATE('2019-07-10T12:53:29', '%Y-%m-%dT%H:%i:%s')),
       ('minecraft-je', '1.14.4-pre3', 'snapshot', STR_TO_DATE('2019-07-08T11:21:42', '%Y-%m-%dT%H:%i:%s')),
       ('minecraft-je', '1.14.4-pre2', 'snapshot', STR_TO_DATE('2019-07-04T14:41:05', '%Y-%m-%dT%H:%i:%s')),
       ('minecraft-je', '1.14.4-pre1', 'snapshot', STR_TO_DATE('2019-07-03T13:01:01', '%Y-%m-%dT%H:%i:%s')),
       ('minecraft-je', '1.14.3', 'release', STR_TO_DATE('2019-06-24T12:52:52', '%Y-%m-%dT%H:%i:%s')),
       ('minecraft-je', '1.14.3-pre4', 'snapshot', STR_TO_DATE('2019-06-19T11:44:29', '%Y-%m-%dT%H:%i:%s')),
       ('minecraft-je', '1.14.3-pre3', 'snapshot', STR_TO_DATE('2019-06-14T08:03:33', '%Y-%m-%dT%H:%i:%s')),
       ('minecraft-je', '1.14.3-pre2', 'snapshot', STR_TO_DATE('2019-06-07T09:11:29', '%Y-%m-%dT%H:%i:%s')),
       ('minecraft-je', '1.14.3-pre1', 'snapshot', STR_TO_DATE('2019-06-03T14:34:20', '%Y-%m-%dT%H:%i:%s')),
       ('minecraft-je', '1.14.2', 'release', STR_TO_DATE('2019-05-27T11:48:25', '%Y-%m-%dT%H:%i:%s')),
       ('minecraft-je', '1.14.2 Pre-Release 4', 'snapshot', STR_TO_DATE('2019-05-27T07:21:11', '%Y-%m-%dT%H:%i:%s')),
       ('minecraft-je', '1.14.2 Pre-Release 3', 'snapshot', STR_TO_DATE('2019-05-22T13:12:51', '%Y-%m-%dT%H:%i:%s')),
       ('minecraft-je', '1.14.2 Pre-Release 2', 'snapshot', STR_TO_DATE('2019-05-17T12:21:03', '%Y-%m-%dT%H:%i:%s')),
       ('minecraft-je', '1.14.2 Pre-Release 1', 'snapshot', STR_TO_DATE('2019-05-16T15:40:25', '%Y-%m-%dT%H:%i:%s')),
       ('minecraft-je', '1.14.1', 'release', STR_TO_DATE('2019-05-13T11:10:12', '%Y-%m-%dT%H:%i:%s')),
       ('minecraft-je', '1.14.1 Pre-Release 2', 'snapshot', STR_TO_DATE('2019-05-09T14:01:04', '%Y-%m-%dT%H:%i:%s')),
       ('minecraft-je', '1.14.1 Pre-Release 1', 'snapshot', STR_TO_DATE('2019-05-07T14:44:42', '%Y-%m-%dT%H:%i:%s')),
       ('minecraft-je', '1.14', 'release', STR_TO_DATE('2019-04-23T14:52:44', '%Y-%m-%dT%H:%i:%s')),
       ('minecraft-je', '1.14 Pre-Release 5', 'snapshot', STR_TO_DATE('2019-04-18T11:05:19', '%Y-%m-%dT%H:%i:%s')),
       ('minecraft-je', '1.14 Pre-Release 4', 'snapshot', STR_TO_DATE('2019-04-17T15:31:12', '%Y-%m-%dT%H:%i:%s')),
       ('minecraft-je', '1.14 Pre-Release 3', 'snapshot', STR_TO_DATE('2019-04-16T13:57:10', '%Y-%m-%dT%H:%i:%s')),
       ('minecraft-je', '1.14 Pre-Release 2', 'snapshot', STR_TO_DATE('2019-04-12T11:38:53', '%Y-%m-%dT%H:%i:%s')),
       ('minecraft-je', '1.14 Pre-Release 1', 'snapshot', STR_TO_DATE('2019-04-10T14:24:16', '%Y-%m-%dT%H:%i:%s')),
       ('minecraft-je', '19w14b', 'snapshot', STR_TO_DATE('2019-04-05T10:33:58', '%Y-%m-%dT%H:%i:%s')),
       ('minecraft-je', '19w14a', 'snapshot', STR_TO_DATE('2019-04-03T13:45:00', '%Y-%m-%dT%H:%i:%s')),
       ('minecraft-je', '3D Shareware v1.34', 'snapshot', STR_TO_DATE('2019-04-01T11:18:08', '%Y-%m-%dT%H:%i:%s')),
       ('minecraft-je', '19w13b', 'snapshot', STR_TO_DATE('2019-03-29T16:53:22', '%Y-%m-%dT%H:%i:%s')),
       ('minecraft-je', '19w13a', 'snapshot', STR_TO_DATE('2019-03-27T15:15:31', '%Y-%m-%dT%H:%i:%s')),
       ('minecraft-je', '19w12b', 'snapshot', STR_TO_DATE('2019-03-21T15:20:01', '%Y-%m-%dT%H:%i:%s')),
       ('minecraft-je', '19w12a', 'snapshot', STR_TO_DATE('2019-03-20T16:47:34', '%Y-%m-%dT%H:%i:%s')),
       ('minecraft-je', '19w11b', 'snapshot', STR_TO_DATE('2019-03-14T14:26:23', '%Y-%m-%dT%H:%i:%s')),
       ('minecraft-je', '19w11a', 'snapshot', STR_TO_DATE('2019-03-13T13:59:29', '%Y-%m-%dT%H:%i:%s')),
       ('minecraft-je', '19w09a', 'snapshot', STR_TO_DATE('2019-02-27T14:44:30', '%Y-%m-%dT%H:%i:%s')),
       ('minecraft-je', '19w08b', 'snapshot', STR_TO_DATE('2019-02-21T13:38:09', '%Y-%m-%dT%H:%i:%s')),
       ('minecraft-je', '19w08a', 'snapshot', STR_TO_DATE('2019-02-20T14:56:58', '%Y-%m-%dT%H:%i:%s')),
       ('minecraft-je', '19w07a', 'snapshot', STR_TO_DATE('2019-02-13T16:12:08', '%Y-%m-%dT%H:%i:%s')),
       ('minecraft-je', '19w06a', 'snapshot', STR_TO_DATE('2019-02-06T16:24:13', '%Y-%m-%dT%H:%i:%s')),
       ('minecraft-je', '19w05a', 'snapshot', STR_TO_DATE('2019-01-30T15:16:49', '%Y-%m-%dT%H:%i:%s')),
       ('minecraft-je', '19w04b', 'snapshot', STR_TO_DATE('2019-01-25T12:20:15', '%Y-%m-%dT%H:%i:%s')),
       ('minecraft-je', '19w04a', 'snapshot', STR_TO_DATE('2019-01-24T15:31:52', '%Y-%m-%dT%H:%i:%s')),
       ('minecraft-je', '19w03c', 'snapshot', STR_TO_DATE('2019-01-18T11:27:13', '%Y-%m-%dT%H:%i:%s')),
       ('minecraft-je', '19w03b', 'snapshot', STR_TO_DATE('2019-01-17T16:43:27', '%Y-%m-%dT%H:%i:%s')),
       ('minecraft-je', '19w03a', 'snapshot', STR_TO_DATE('2019-01-16T16:45:02', '%Y-%m-%dT%H:%i:%s')),
       ('minecraft-je', '19w02a', 'snapshot', STR_TO_DATE('2019-01-09T15:52:07', '%Y-%m-%dT%H:%i:%s')),
       ('minecraft-je', '18w50a', 'snapshot', STR_TO_DATE('2018-12-12T14:58:13', '%Y-%m-%dT%H:%i:%s')),
       ('minecraft-je', '18w49a', 'snapshot', STR_TO_DATE('2018-12-05T12:24:30', '%Y-%m-%dT%H:%i:%s')),
       ('minecraft-je', '18w48b', 'snapshot', STR_TO_DATE('2018-11-30T10:37:31', '%Y-%m-%dT%H:%i:%s')),
       ('minecraft-je', '18w48a', 'snapshot', STR_TO_DATE('2018-11-29T13:11:38', '%Y-%m-%dT%H:%i:%s')),
       ('minecraft-je', '18w47b', 'snapshot', STR_TO_DATE('2018-11-23T10:46:41', '%Y-%m-%dT%H:%i:%s')),
       ('minecraft-je', '18w47a', 'snapshot', STR_TO_DATE('2018-11-21T15:45:22', '%Y-%m-%dT%H:%i:%s')),
       ('minecraft-je', '18w46a', 'snapshot', STR_TO_DATE('2018-11-15T13:43:14', '%Y-%m-%dT%H:%i:%s')),
       ('minecraft-je', '18w45a', 'snapshot', STR_TO_DATE('2018-11-07T14:40:06', '%Y-%m-%dT%H:%i:%s')),
       ('minecraft-je', '18w44a', 'snapshot', STR_TO_DATE('2018-10-31T15:29:16', '%Y-%m-%dT%H:%i:%s')),
       ('minecraft-je', '18w43c', 'snapshot', STR_TO_DATE('2018-10-26T08:40:46', '%Y-%m-%dT%H:%i:%s')),
       ('minecraft-je', '18w43b', 'snapshot', STR_TO_DATE('2018-10-24T15:02:30', '%Y-%m-%dT%H:%i:%s')),
       ('minecraft-je', '18w43a', 'snapshot', STR_TO_DATE('2018-10-24T10:52:16', '%Y-%m-%dT%H:%i:%s')),
       ('minecraft-je', '1.13.2', 'release', STR_TO_DATE('2018-10-22T11:41:07', '%Y-%m-%dT%H:%i:%s')),
       ('minecraft-je', '1.13.2-pre2', 'snapshot', STR_TO_DATE('2018-10-18T14:46:12', '%Y-%m-%dT%H:%i:%s')),
       ('minecraft-je', '1.13.2-pre1', 'snapshot', STR_TO_DATE('2018-10-16T13:40:58', '%Y-%m-%dT%H:%i:%s')),
       ('minecraft-je', '1.13.1', 'release', STR_TO_DATE('2018-08-22T14:03:42', '%Y-%m-%dT%H:%i:%s')),
       ('minecraft-je', '1.13.1-pre2', 'snapshot', STR_TO_DATE('2018-08-20T13:52:09', '%Y-%m-%dT%H:%i:%s')),
       ('minecraft-je', '1.13.1-pre1', 'snapshot', STR_TO_DATE('2018-08-16T13:08:44', '%Y-%m-%dT%H:%i:%s')),
       ('minecraft-je', '18w33a', 'snapshot', STR_TO_DATE('2018-08-15T14:28:56', '%Y-%m-%dT%H:%i:%s')),
       ('minecraft-je', '18w32a', 'snapshot', STR_TO_DATE('2018-08-08T13:16:57', '%Y-%m-%dT%H:%i:%s')),
       ('minecraft-je', '18w31a', 'snapshot', STR_TO_DATE('2018-08-01T12:54:44', '%Y-%m-%dT%H:%i:%s')),
       ('minecraft-je', '18w30b', 'snapshot', STR_TO_DATE('2018-07-26T16:06:57', '%Y-%m-%dT%H:%i:%s')),
       ('minecraft-je', '18w30a', 'snapshot', STR_TO_DATE('2018-07-25T14:29:31', '%Y-%m-%dT%H:%i:%s')),
       ('minecraft-je', '1.13', 'release', STR_TO_DATE('2018-07-18T15:11:46', '%Y-%m-%dT%H:%i:%s')),
       ('minecraft-je', '1.13-pre10', 'snapshot', STR_TO_DATE('2018-07-17T14:48:06', '%Y-%m-%dT%H:%i:%s')),
       ('minecraft-je', '1.13-pre9', 'snapshot', STR_TO_DATE('2018-07-16T14:17:42', '%Y-%m-%dT%H:%i:%s')),
       ('minecraft-je', '1.13-pre8', 'snapshot', STR_TO_DATE('2018-07-13T11:45:00', '%Y-%m-%dT%H:%i:%s')),
       ('minecraft-je', '1.13-pre7', 'snapshot', STR_TO_DATE('2018-07-10T14:21:42', '%Y-%m-%dT%H:%i:%s')),
       ('minecraft-je', '1.13-pre6', 'snapshot', STR_TO_DATE('2018-07-04T12:36:00', '%Y-%m-%dT%H:%i:%s')),
       ('minecraft-je', '1.13-pre5', 'snapshot', STR_TO_DATE('2018-06-28T13:58:53', '%Y-%m-%dT%H:%i:%s')),
       ('minecraft-je', '1.13-pre4', 'snapshot', STR_TO_DATE('2018-06-26T13:00:55', '%Y-%m-%dT%H:%i:%s')),
       ('minecraft-je', '1.13-pre3', 'snapshot', STR_TO_DATE('2018-06-21T12:57:11', '%Y-%m-%dT%H:%i:%s')),
       ('minecraft-je', '1.13-pre2', 'snapshot', STR_TO_DATE('2018-06-15T09:20:00', '%Y-%m-%dT%H:%i:%s')),
       ('minecraft-je', '1.13-pre1', 'snapshot', STR_TO_DATE('2018-06-04T15:17:34', '%Y-%m-%dT%H:%i:%s')),
       ('minecraft-je', '18w22c', 'snapshot', STR_TO_DATE('2018-05-31T13:53:15', '%Y-%m-%dT%H:%i:%s')),
       ('minecraft-je', '18w22b', 'snapshot', STR_TO_DATE('2018-05-30T13:48:58', '%Y-%m-%dT%H:%i:%s')),
       ('minecraft-je', '18w22a', 'snapshot', STR_TO_DATE('2018-05-29T13:23:55', '%Y-%m-%dT%H:%i:%s')),
       ('minecraft-je', '18w21b', 'snapshot', STR_TO_DATE('2018-05-25T10:09:09', '%Y-%m-%dT%H:%i:%s')),
       ('minecraft-je', '18w21a', 'snapshot', STR_TO_DATE('2018-05-23T13:11:49', '%Y-%m-%dT%H:%i:%s')),
       ('minecraft-je', '18w20c', 'snapshot', STR_TO_DATE('2018-05-17T14:06:56', '%Y-%m-%dT%H:%i:%s')),
       ('minecraft-je', '18w20b', 'snapshot', STR_TO_DATE('2018-05-16T14:35:35', '%Y-%m-%dT%H:%i:%s')),
       ('minecraft-je', '18w20a', 'snapshot', STR_TO_DATE('2018-05-15T14:02:25', '%Y-%m-%dT%H:%i:%s')),
       ('minecraft-je', '18w19b', 'snapshot', STR_TO_DATE('2018-05-09T10:00:51', '%Y-%m-%dT%H:%i:%s')),
       ('minecraft-je', '18w19a', 'snapshot', STR_TO_DATE('2018-05-08T13:05:19', '%Y-%m-%dT%H:%i:%s')),
       ('minecraft-je', '18w16a', 'snapshot', STR_TO_DATE('2018-04-19T14:46:35', '%Y-%m-%dT%H:%i:%s')),
       ('minecraft-je', '18w15a', 'snapshot', STR_TO_DATE('2018-04-11T14:54:22', '%Y-%m-%dT%H:%i:%s')),
       ('minecraft-je', '18w14b', 'snapshot', STR_TO_DATE('2018-04-05T14:44:02', '%Y-%m-%dT%H:%i:%s')),
       ('minecraft-je', '18w14a', 'snapshot', STR_TO_DATE('2018-04-04T14:36:14', '%Y-%m-%dT%H:%i:%s')),
       ('minecraft-je', '18w11a', 'snapshot', STR_TO_DATE('2018-03-13T15:10:59', '%Y-%m-%dT%H:%i:%s')),
       ('minecraft-je', '18w10d', 'snapshot', STR_TO_DATE('2018-03-09T15:19:12', '%Y-%m-%dT%H:%i:%s')),
       ('minecraft-je', '18w10c', 'snapshot', STR_TO_DATE('2018-03-08T15:29:23', '%Y-%m-%dT%H:%i:%s')),
       ('minecraft-je', '18w10b', 'snapshot', STR_TO_DATE('2018-03-07T15:56:01', '%Y-%m-%dT%H:%i:%s')),
       ('minecraft-je', '18w10a', 'snapshot', STR_TO_DATE('2018-03-06T15:54:24', '%Y-%m-%dT%H:%i:%s')),
       ('minecraft-je', '18w09a', 'snapshot', STR_TO_DATE('2018-03-01T14:15:10', '%Y-%m-%dT%H:%i:%s')),
       ('minecraft-je', '18w08b', 'snapshot', STR_TO_DATE('2018-02-22T15:44:49', '%Y-%m-%dT%H:%i:%s')),
       ('minecraft-je', '18w08a', 'snapshot', STR_TO_DATE('2018-02-21T14:59:00', '%Y-%m-%dT%H:%i:%s')),
       ('minecraft-je', '18w07c', 'snapshot', STR_TO_DATE('2018-02-16T13:23:32', '%Y-%m-%dT%H:%i:%s')),
       ('minecraft-je', '18w07b', 'snapshot', STR_TO_DATE('2018-02-15T14:28:42', '%Y-%m-%dT%H:%i:%s')),
       ('minecraft-je', '18w07a', 'snapshot', STR_TO_DATE('2018-02-14T17:34:13', '%Y-%m-%dT%H:%i:%s')),
       ('minecraft-je', '18w06a', 'snapshot', STR_TO_DATE('2018-02-09T12:09:55', '%Y-%m-%dT%H:%i:%s')),
       ('minecraft-je', '18w05a', 'snapshot', STR_TO_DATE('2018-01-31T13:32:09', '%Y-%m-%dT%H:%i:%s')),
       ('minecraft-je', '18w03b', 'snapshot', STR_TO_DATE('2018-01-17T15:09:14', '%Y-%m-%dT%H:%i:%s')),
       ('minecraft-je', '18w03a', 'snapshot', STR_TO_DATE('2018-01-17T14:25:24', '%Y-%m-%dT%H:%i:%s')),
       ('minecraft-je', '18w02a', 'snapshot', STR_TO_DATE('2018-01-10T11:54:55', '%Y-%m-%dT%H:%i:%s')),
       ('minecraft-je', '18w01a', 'snapshot', STR_TO_DATE('2018-01-03T13:29:30', '%Y-%m-%dT%H:%i:%s')),
       ('minecraft-je', '17w50a', 'snapshot', STR_TO_DATE('2017-12-11T15:28:08', '%Y-%m-%dT%H:%i:%s')),
       ('minecraft-je', '17w49b', 'snapshot', STR_TO_DATE('2017-12-07T15:29:54', '%Y-%m-%dT%H:%i:%s')),
       ('minecraft-je', '17w49a', 'snapshot', STR_TO_DATE('2017-12-06T14:24:30', '%Y-%m-%dT%H:%i:%s')),
       ('minecraft-je', '17w48a', 'snapshot', STR_TO_DATE('2017-11-27T15:36:33', '%Y-%m-%dT%H:%i:%s')),
       ('minecraft-je', '17w47b', 'snapshot', STR_TO_DATE('2017-11-23T15:30:12', '%Y-%m-%dT%H:%i:%s')),
       ('minecraft-je', '17w47a', 'snapshot', STR_TO_DATE('2017-11-22T12:40:05', '%Y-%m-%dT%H:%i:%s')),
       ('minecraft-je', '17w46a', 'snapshot', STR_TO_DATE('2017-11-15T15:21:55', '%Y-%m-%dT%H:%i:%s')),
       ('minecraft-je', '17w45b', 'snapshot', STR_TO_DATE('2017-11-10T10:07:02', '%Y-%m-%dT%H:%i:%s')),
       ('minecraft-je', '17w45a', 'snapshot', STR_TO_DATE('2017-11-08T15:48:00', '%Y-%m-%dT%H:%i:%s')),
       ('minecraft-je', '17w43b', 'snapshot', STR_TO_DATE('2017-10-26T13:36:22', '%Y-%m-%dT%H:%i:%s')),
       ('minecraft-je', '17w43a', 'snapshot', STR_TO_DATE('2017-10-25T14:43:50', '%Y-%m-%dT%H:%i:%s')),
       ('minecraft-je', '1.12.2', 'release', STR_TO_DATE('2017-09-18T08:39:46', '%Y-%m-%dT%H:%i:%s')),
       ('minecraft-je', '1.12.2-pre2', 'snapshot', STR_TO_DATE('2017-09-15T08:21:17', '%Y-%m-%dT%H:%i:%s')),
       ('minecraft-je', '1.12.2-pre1', 'snapshot', STR_TO_DATE('2017-09-13T13:33:31', '%Y-%m-%dT%H:%i:%s')),
       ('minecraft-je', '1.12.1', 'release', STR_TO_DATE('2017-08-03T12:40:39', '%Y-%m-%dT%H:%i:%s')),
       ('minecraft-je', '1.12.1-pre1', 'snapshot', STR_TO_DATE('2017-08-02T10:53:55', '%Y-%m-%dT%H:%i:%s')),
       ('minecraft-je', '17w31a', 'snapshot', STR_TO_DATE('2017-08-01T09:41:23', '%Y-%m-%dT%H:%i:%s')),
       ('minecraft-je', '1.12', 'release', STR_TO_DATE('2017-06-02T13:50:27', '%Y-%m-%dT%H:%i:%s')),
       ('minecraft-je', '1.12-pre7', 'snapshot', STR_TO_DATE('2017-05-31T10:56:41', '%Y-%m-%dT%H:%i:%s')),
       ('minecraft-je', '1.12-pre6', 'snapshot', STR_TO_DATE('2017-05-29T11:45:12', '%Y-%m-%dT%H:%i:%s')),
       ('minecraft-je', '1.12-pre5', 'snapshot', STR_TO_DATE('2017-05-19T07:43:28', '%Y-%m-%dT%H:%i:%s')),
       ('minecraft-je', '1.12-pre4', 'snapshot', STR_TO_DATE('2017-05-18T12:28:16', '%Y-%m-%dT%H:%i:%s')),
       ('minecraft-je', '1.12-pre3', 'snapshot', STR_TO_DATE('2017-05-17T14:09:18', '%Y-%m-%dT%H:%i:%s')),
       ('minecraft-je', '1.12-pre2', 'snapshot', STR_TO_DATE('2017-05-11T12:11:12', '%Y-%m-%dT%H:%i:%s')),
       ('minecraft-je', '1.12-pre1', 'snapshot', STR_TO_DATE('2017-05-10T11:37:17', '%Y-%m-%dT%H:%i:%s')),
       ('minecraft-je', '17w18b', 'snapshot', STR_TO_DATE('2017-05-04T13:40:22', '%Y-%m-%dT%H:%i:%s')),
       ('minecraft-je', '17w18a', 'snapshot', STR_TO_DATE('2017-05-03T14:50:23', '%Y-%m-%dT%H:%i:%s')),
       ('minecraft-je', '17w17b', 'snapshot', STR_TO_DATE('2017-04-27T13:24:23', '%Y-%m-%dT%H:%i:%s')),
       ('minecraft-je', '17w17a', 'snapshot', STR_TO_DATE('2017-04-26T13:48:23', '%Y-%m-%dT%H:%i:%s')),
       ('minecraft-je', '17w16b', 'snapshot', STR_TO_DATE('2017-04-21T12:02:59', '%Y-%m-%dT%H:%i:%s')),
       ('minecraft-je', '17w16a', 'snapshot', STR_TO_DATE('2017-04-20T13:58:35', '%Y-%m-%dT%H:%i:%s')),
       ('minecraft-je', '17w15a', 'snapshot', STR_TO_DATE('2017-04-12T09:30:50', '%Y-%m-%dT%H:%i:%s')),
       ('minecraft-je', '17w14a', 'snapshot', STR_TO_DATE('2017-04-05T13:58:01', '%Y-%m-%dT%H:%i:%s')),
       ('minecraft-je', '17w13b', 'snapshot', STR_TO_DATE('2017-03-31T11:06:35', '%Y-%m-%dT%H:%i:%s')),
       ('minecraft-je', '17w13a', 'snapshot', STR_TO_DATE('2017-03-30T09:32:19', '%Y-%m-%dT%H:%i:%s')),
       ('minecraft-je', '17w06a', 'snapshot', STR_TO_DATE('2017-02-08T13:16:29', '%Y-%m-%dT%H:%i:%s')),
       ('minecraft-je', '1.11.2', 'release', STR_TO_DATE('2016-12-21T09:29:12', '%Y-%m-%dT%H:%i:%s')),
       ('minecraft-je', '1.11.1', 'release', STR_TO_DATE('2016-12-20T14:05:34', '%Y-%m-%dT%H:%i:%s')),
       ('minecraft-je', '16w50a', 'snapshot', STR_TO_DATE('2016-12-15T14:38:52', '%Y-%m-%dT%H:%i:%s')),
       ('minecraft-je', '1.11', 'release', STR_TO_DATE('2016-11-14T14:34:40', '%Y-%m-%dT%H:%i:%s')),
       ('minecraft-je', '1.11-pre1', 'snapshot', STR_TO_DATE('2016-11-08T13:42:50', '%Y-%m-%dT%H:%i:%s')),
       ('minecraft-je', '16w44a', 'snapshot', STR_TO_DATE('2016-11-03T14:17:11', '%Y-%m-%dT%H:%i:%s')),
       ('minecraft-je', '16w43a', 'snapshot', STR_TO_DATE('2016-10-27T09:00:51', '%Y-%m-%dT%H:%i:%s')),
       ('minecraft-je', '16w42a', 'snapshot', STR_TO_DATE('2016-10-19T11:17:47', '%Y-%m-%dT%H:%i:%s')),
       ('minecraft-je', '16w41a', 'snapshot', STR_TO_DATE('2016-10-13T14:28:35', '%Y-%m-%dT%H:%i:%s')),
       ('minecraft-je', '16w40a', 'snapshot', STR_TO_DATE('2016-10-06T13:57:59', '%Y-%m-%dT%H:%i:%s')),
       ('minecraft-je', '16w39c', 'snapshot', STR_TO_DATE('2016-09-30T14:11:48', '%Y-%m-%dT%H:%i:%s')),
       ('minecraft-je', '16w39b', 'snapshot', STR_TO_DATE('2016-09-29T14:39:39', '%Y-%m-%dT%H:%i:%s')),
       ('minecraft-je', '16w39a', 'snapshot', STR_TO_DATE('2016-09-28T13:32:06', '%Y-%m-%dT%H:%i:%s')),
       ('minecraft-je', '16w38a', 'snapshot', STR_TO_DATE('2016-09-20T12:40:49', '%Y-%m-%dT%H:%i:%s')),
       ('minecraft-je', '16w36a', 'snapshot', STR_TO_DATE('2016-09-08T14:55:10', '%Y-%m-%dT%H:%i:%s')),
       ('minecraft-je', '16w35a', 'snapshot', STR_TO_DATE('2016-09-01T13:13:38', '%Y-%m-%dT%H:%i:%s')),
       ('minecraft-je', '16w33a', 'snapshot', STR_TO_DATE('2016-08-17T12:48:57', '%Y-%m-%dT%H:%i:%s')),
       ('minecraft-je', '16w32b', 'snapshot', STR_TO_DATE('2016-08-11T14:34:29', '%Y-%m-%dT%H:%i:%s')),
       ('minecraft-je', '16w32a', 'snapshot', STR_TO_DATE('2016-08-10T12:30:10', '%Y-%m-%dT%H:%i:%s')),
       ('minecraft-je', '1.10.2', 'release', STR_TO_DATE('2016-06-23T09:17:32', '%Y-%m-%dT%H:%i:%s')),
       ('minecraft-je', '1.10.1', 'release', STR_TO_DATE('2016-06-22T10:13:22', '%Y-%m-%dT%H:%i:%s')),
       ('minecraft-je', '1.10', 'release', STR_TO_DATE('2016-06-08T13:06:18', '%Y-%m-%dT%H:%i:%s')),
       ('minecraft-je', '1.10-pre2', 'snapshot', STR_TO_DATE('2016-06-07T14:56:34', '%Y-%m-%dT%H:%i:%s')),
       ('minecraft-je', '1.10-pre1', 'snapshot', STR_TO_DATE('2016-06-02T14:45:16', '%Y-%m-%dT%H:%i:%s')),
       ('minecraft-je', '16w21b', 'snapshot', STR_TO_DATE('2016-05-26T12:47:22', '%Y-%m-%dT%H:%i:%s')),
       ('minecraft-je', '16w21a', 'snapshot', STR_TO_DATE('2016-05-25T13:12:09', '%Y-%m-%dT%H:%i:%s')),
       ('minecraft-je', '16w20a', 'snapshot', STR_TO_DATE('2016-05-18T12:45:14', '%Y-%m-%dT%H:%i:%s')),
       ('minecraft-je', '1.9.4', 'release', STR_TO_DATE('2016-05-10T10:17:16', '%Y-%m-%dT%H:%i:%s')),
       ('minecraft-je', '1.9.3', 'release', STR_TO_DATE('2016-05-10T08:33:35', '%Y-%m-%dT%H:%i:%s')),
       ('minecraft-je', '1.9.3-pre3', 'snapshot', STR_TO_DATE('2016-05-03T09:28:11', '%Y-%m-%dT%H:%i:%s')),
       ('minecraft-je', '1.9.3-pre2', 'snapshot', STR_TO_DATE('2016-04-27T13:33:20', '%Y-%m-%dT%H:%i:%s')),
       ('minecraft-je', '1.9.3-pre1', 'snapshot', STR_TO_DATE('2016-04-21T12:41:42', '%Y-%m-%dT%H:%i:%s')),
       ('minecraft-je', '16w15b', 'snapshot', STR_TO_DATE('2016-04-13T13:56:41', '%Y-%m-%dT%H:%i:%s')),
       ('minecraft-je', '16w15a', 'snapshot', STR_TO_DATE('2016-04-11T14:38:28', '%Y-%m-%dT%H:%i:%s')),
       ('minecraft-je', '16w14a', 'snapshot', STR_TO_DATE('2016-04-07T12:47:51', '%Y-%m-%dT%H:%i:%s')),
       ('minecraft-je', '1.RV-Pre1', 'snapshot', STR_TO_DATE('2016-03-31T16:18:53', '%Y-%m-%dT%H:%i:%s')),
       ('minecraft-je', '1.9.2', 'release', STR_TO_DATE('2016-03-30T15:23:55', '%Y-%m-%dT%H:%i:%s')),
       ('minecraft-je', '1.9.1', 'release', STR_TO_DATE('2016-03-30T13:43:07', '%Y-%m-%dT%H:%i:%s')),
       ('minecraft-je', '1.9.1-pre3', 'snapshot', STR_TO_DATE('2016-03-11T09:20:36', '%Y-%m-%dT%H:%i:%s')),
       ('minecraft-je', '1.9.1-pre2', 'snapshot', STR_TO_DATE('2016-03-10T15:06:03', '%Y-%m-%dT%H:%i:%s')),
       ('minecraft-je', '1.9.1-pre1', 'snapshot', STR_TO_DATE('2016-03-09T16:27:29', '%Y-%m-%dT%H:%i:%s')),
       ('minecraft-je', '1.9', 'release', STR_TO_DATE('2016-02-29T13:49:54', '%Y-%m-%dT%H:%i:%s')),
       ('minecraft-je', '1.9-pre4', 'snapshot', STR_TO_DATE('2016-02-26T15:21:11', '%Y-%m-%dT%H:%i:%s')),
       ('minecraft-je', '1.9-pre3', 'snapshot', STR_TO_DATE('2016-02-24T15:52:36', '%Y-%m-%dT%H:%i:%s')),
       ('minecraft-je', '1.9-pre2', 'snapshot', STR_TO_DATE('2016-02-18T17:41:00', '%Y-%m-%dT%H:%i:%s')),
       ('minecraft-je', '1.9-pre1', 'snapshot', STR_TO_DATE('2016-02-17T15:23:19', '%Y-%m-%dT%H:%i:%s')),
       ('minecraft-je', '16w07b', 'snapshot', STR_TO_DATE('2016-02-16T15:22:39', '%Y-%m-%dT%H:%i:%s')),
       ('minecraft-je', '16w07a', 'snapshot', STR_TO_DATE('2016-02-15T15:48:46', '%Y-%m-%dT%H:%i:%s')),
       ('minecraft-je', '16w06a', 'snapshot', STR_TO_DATE('2016-02-10T15:06:41', '%Y-%m-%dT%H:%i:%s')),
       ('minecraft-je', '16w05b', 'snapshot', STR_TO_DATE('2016-02-04T15:28:02', '%Y-%m-%dT%H:%i:%s')),
       ('minecraft-je', '16w05a', 'snapshot', STR_TO_DATE('2016-02-03T15:48:38', '%Y-%m-%dT%H:%i:%s')),
       ('minecraft-je', '16w04a', 'snapshot', STR_TO_DATE('2016-01-28T15:37:24', '%Y-%m-%dT%H:%i:%s')),
       ('minecraft-je', '16w03a', 'snapshot', STR_TO_DATE('2016-01-20T14:29:24', '%Y-%m-%dT%H:%i:%s')),
       ('minecraft-je', '16w02a', 'snapshot', STR_TO_DATE('2016-01-13T15:15:16', '%Y-%m-%dT%H:%i:%s')),
       ('minecraft-je', '15w51b', 'snapshot', STR_TO_DATE('2015-12-17T15:30:41', '%Y-%m-%dT%H:%i:%s')),
       ('minecraft-je', '15w51a', 'snapshot', STR_TO_DATE('2015-12-17T14:02:37', '%Y-%m-%dT%H:%i:%s')),
       ('minecraft-je', '15w50a', 'snapshot', STR_TO_DATE('2015-12-09T15:35:57', '%Y-%m-%dT%H:%i:%s')),
       ('minecraft-je', '15w49b', 'snapshot', STR_TO_DATE('2015-12-03T15:23:22', '%Y-%m-%dT%H:%i:%s')),
       ('minecraft-je', '1.8.9', 'release', STR_TO_DATE('2015-12-03T09:24:39', '%Y-%m-%dT%H:%i:%s')),
       ('minecraft-je', '15w49a', 'snapshot', STR_TO_DATE('2015-12-02T15:09:37', '%Y-%m-%dT%H:%i:%s')),
       ('minecraft-je', '15w47c', 'snapshot', STR_TO_DATE('2015-11-20T12:46:56', '%Y-%m-%dT%H:%i:%s')),
       ('minecraft-je', '15w47b', 'snapshot', STR_TO_DATE('2015-11-19T14:48:03', '%Y-%m-%dT%H:%i:%s')),
       ('minecraft-je', '15w47a', 'snapshot', STR_TO_DATE('2015-11-18T15:53:41', '%Y-%m-%dT%H:%i:%s')),
       ('minecraft-je', '15w46a', 'snapshot', STR_TO_DATE('2015-11-12T12:11:47', '%Y-%m-%dT%H:%i:%s')),
       ('minecraft-je', '15w45a', 'snapshot', STR_TO_DATE('2015-11-05T13:04:07', '%Y-%m-%dT%H:%i:%s')),
       ('minecraft-je', '15w44b', 'snapshot', STR_TO_DATE('2015-10-30T11:23:17', '%Y-%m-%dT%H:%i:%s')),
       ('minecraft-je', '15w44a', 'snapshot', STR_TO_DATE('2015-10-28T15:09:36', '%Y-%m-%dT%H:%i:%s')),
       ('minecraft-je', '15w43c', 'snapshot', STR_TO_DATE('2015-10-23T15:35:55', '%Y-%m-%dT%H:%i:%s')),
       ('minecraft-je', '15w43b', 'snapshot', STR_TO_DATE('2015-10-22T14:11:58', '%Y-%m-%dT%H:%i:%s')),
       ('minecraft-je', '15w43a', 'snapshot', STR_TO_DATE('2015-10-21T15:28:52', '%Y-%m-%dT%H:%i:%s')),
       ('minecraft-je', '15w42a', 'snapshot', STR_TO_DATE('2015-10-14T13:25:14', '%Y-%m-%dT%H:%i:%s')),
       ('minecraft-je', '15w41b', 'snapshot', STR_TO_DATE('2015-10-07T14:07:26', '%Y-%m-%dT%H:%i:%s')),
       ('minecraft-je', '15w41a', 'snapshot', STR_TO_DATE('2015-10-07T13:19:53', '%Y-%m-%dT%H:%i:%s')),
       ('minecraft-je', '15w40b', 'snapshot', STR_TO_DATE('2015-09-30T14:13:54', '%Y-%m-%dT%H:%i:%s')),
       ('minecraft-je', '15w40a', 'snapshot', STR_TO_DATE('2015-09-30T13:13:54', '%Y-%m-%dT%H:%i:%s')),
       ('minecraft-je', '15w39c', 'snapshot', STR_TO_DATE('2015-09-23T13:13:54', '%Y-%m-%dT%H:%i:%s')),
       ('minecraft-je', '15w39b', 'snapshot', STR_TO_DATE('2015-09-21T15:09:52', '%Y-%m-%dT%H:%i:%s')),
       ('minecraft-je', '15w39a', 'snapshot', STR_TO_DATE('2015-09-21T13:16:32', '%Y-%m-%dT%H:%i:%s')),
       ('minecraft-je', '15w38b', 'snapshot', STR_TO_DATE('2015-09-17T14:22:31', '%Y-%m-%dT%H:%i:%s')),
       ('minecraft-je', '15w38a', 'snapshot', STR_TO_DATE('2015-09-16T14:22:31', '%Y-%m-%dT%H:%i:%s')),
       ('minecraft-je', '15w37a', 'snapshot', STR_TO_DATE('2015-09-10T14:22:31', '%Y-%m-%dT%H:%i:%s')),
       ('minecraft-je', '15w36d', 'snapshot', STR_TO_DATE('2015-09-04T14:22:31', '%Y-%m-%dT%H:%i:%s')),
       ('minecraft-je', '15w36c', 'snapshot', STR_TO_DATE('2015-09-02T16:07:22', '%Y-%m-%dT%H:%i:%s')),
       ('minecraft-je', '15w36b', 'snapshot', STR_TO_DATE('2015-09-02T15:36:25', '%Y-%m-%dT%H:%i:%s')),
       ('minecraft-je', '15w36a', 'snapshot', STR_TO_DATE('2015-09-02T14:46:40', '%Y-%m-%dT%H:%i:%s')),
       ('minecraft-je', '15w35e', 'snapshot', STR_TO_DATE('2015-08-28T18:14:02', '%Y-%m-%dT%H:%i:%s')),
       ('minecraft-je', '15w35d', 'snapshot', STR_TO_DATE('2015-08-28T16:25:35', '%Y-%m-%dT%H:%i:%s')),
       ('minecraft-je', '15w35c', 'snapshot', STR_TO_DATE('2015-08-28T11:21:00', '%Y-%m-%dT%H:%i:%s')),
       ('minecraft-je', '15w35b', 'snapshot', STR_TO_DATE('2015-08-24T15:39:18', '%Y-%m-%dT%H:%i:%s')),
       ('minecraft-je', '15w35a', 'snapshot', STR_TO_DATE('2015-08-24T14:19:31', '%Y-%m-%dT%H:%i:%s')),
       ('minecraft-je', '15w34d', 'snapshot', STR_TO_DATE('2015-08-21T15:27:55', '%Y-%m-%dT%H:%i:%s')),
       ('minecraft-je', '15w34c', 'snapshot', STR_TO_DATE('2015-08-21T12:45:20', '%Y-%m-%dT%H:%i:%s')),
       ('minecraft-je', '15w34b', 'snapshot', STR_TO_DATE('2015-08-20T14:00:03', '%Y-%m-%dT%H:%i:%s')),
       ('minecraft-je', '15w34a', 'snapshot', STR_TO_DATE('2015-08-19T12:56:01', '%Y-%m-%dT%H:%i:%s')),
       ('minecraft-je', '15w33c', 'snapshot', STR_TO_DATE('2015-08-14T13:10:46', '%Y-%m-%dT%H:%i:%s')),
       ('minecraft-je', '15w33b', 'snapshot', STR_TO_DATE('2015-08-12T15:29:11', '%Y-%m-%dT%H:%i:%s')),
       ('minecraft-je', '15w33a', 'snapshot', STR_TO_DATE('2015-08-12T14:05:07', '%Y-%m-%dT%H:%i:%s')),
       ('minecraft-je', '15w32c', 'snapshot', STR_TO_DATE('2015-08-07T14:08:17', '%Y-%m-%dT%H:%i:%s')),
       ('minecraft-je', '15w32b', 'snapshot', STR_TO_DATE('2015-08-06T13:51:47', '%Y-%m-%dT%H:%i:%s')),
       ('minecraft-je', '15w32a', 'snapshot', STR_TO_DATE('2015-08-05T12:22:42', '%Y-%m-%dT%H:%i:%s')),
       ('minecraft-je', '15w31c', 'snapshot', STR_TO_DATE('2015-07-31T13:45:08', '%Y-%m-%dT%H:%i:%s')),
       ('minecraft-je', '15w31b', 'snapshot', STR_TO_DATE('2015-07-30T13:38:32', '%Y-%m-%dT%H:%i:%s')),
       ('minecraft-je', '15w31a', 'snapshot', STR_TO_DATE('2015-07-29T13:24:33', '%Y-%m-%dT%H:%i:%s')),
       ('minecraft-je', '1.8.8', 'release', STR_TO_DATE('2015-07-27T10:31:28', '%Y-%m-%dT%H:%i:%s')),
       ('minecraft-je', '1.8.7', 'release', STR_TO_DATE('2015-06-05T10:10:44', '%Y-%m-%dT%H:%i:%s')),
       ('minecraft-je', '1.8.6', 'release', STR_TO_DATE('2015-05-25T10:31:19', '%Y-%m-%dT%H:%i:%s')),
       ('minecraft-je', '1.8.5', 'release', STR_TO_DATE('2015-05-22T11:15:28', '%Y-%m-%dT%H:%i:%s')),
       ('minecraft-je', '1.8.4', 'release', STR_TO_DATE('2015-04-17T11:37:50', '%Y-%m-%dT%H:%i:%s')),
       ('minecraft-je', '15w14a', 'snapshot', STR_TO_DATE('2015-04-01T07:08:00', '%Y-%m-%dT%H:%i:%s')),
       ('minecraft-je', '1.8.3', 'release', STR_TO_DATE('2015-02-20T14:00:09', '%Y-%m-%dT%H:%i:%s')),
       ('minecraft-je', '1.8.2', 'release', STR_TO_DATE('2015-02-19T15:47:29', '%Y-%m-%dT%H:%i:%s')),
       ('minecraft-je', '1.8.2-pre7', 'snapshot', STR_TO_DATE('2015-02-16T13:01:35', '%Y-%m-%dT%H:%i:%s')),
       ('minecraft-je', '1.8.2-pre6', 'snapshot', STR_TO_DATE('2015-01-30T11:58:24', '%Y-%m-%dT%H:%i:%s')),
       ('minecraft-je', '1.8.2-pre5', 'snapshot', STR_TO_DATE('2015-01-26T15:03:24', '%Y-%m-%dT%H:%i:%s')),
       ('minecraft-je', '1.8.2-pre4', 'snapshot', STR_TO_DATE('2015-01-16T14:19:59', '%Y-%m-%dT%H:%i:%s')),
       ('minecraft-je', '1.8.2-pre3', 'snapshot', STR_TO_DATE('2015-01-15T16:44:33', '%Y-%m-%dT%H:%i:%s')),
       ('minecraft-je', '1.8.2-pre2', 'snapshot', STR_TO_DATE('2015-01-15T15:07:31', '%Y-%m-%dT%H:%i:%s')),
       ('minecraft-je', '1.8.2-pre1', 'snapshot', STR_TO_DATE('2014-12-18T11:29:41', '%Y-%m-%dT%H:%i:%s')),
       ('minecraft-je', '1.8.1', 'release', STR_TO_DATE('2014-11-24T14:13:31', '%Y-%m-%dT%H:%i:%s')),
       ('minecraft-je', '1.8.1-pre5', 'snapshot', STR_TO_DATE('2014-11-19T14:30:48', '%Y-%m-%dT%H:%i:%s')),
       ('minecraft-je', '1.8.1-pre4', 'snapshot', STR_TO_DATE('2014-11-06T14:10:50', '%Y-%m-%dT%H:%i:%s')),
       ('minecraft-je', '1.8.1-pre3', 'snapshot', STR_TO_DATE('2014-10-23T12:59:42', '%Y-%m-%dT%H:%i:%s')),
       ('minecraft-je', '1.8.1-pre2', 'snapshot', STR_TO_DATE('2014-10-16T14:19:27', '%Y-%m-%dT%H:%i:%s')),
       ('minecraft-je', '1.8.1-pre1', 'snapshot', STR_TO_DATE('2014-10-15T13:25:11', '%Y-%m-%dT%H:%i:%s')),
       ('minecraft-je', '1.8', 'release', STR_TO_DATE('2014-09-02T08:24:35', '%Y-%m-%dT%H:%i:%s')),
       ('minecraft-je', '1.8-pre3', 'snapshot', STR_TO_DATE('2014-08-28T09:40:54', '%Y-%m-%dT%H:%i:%s')),
       ('minecraft-je', '1.8-pre2', 'snapshot', STR_TO_DATE('2014-08-25T14:52:18', '%Y-%m-%dT%H:%i:%s')),
       ('minecraft-je', '1.8-pre1', 'snapshot', STR_TO_DATE('2014-08-21T13:56:26', '%Y-%m-%dT%H:%i:%s')),
       ('minecraft-je', '14w34d', 'snapshot', STR_TO_DATE('2014-08-20T12:46:59', '%Y-%m-%dT%H:%i:%s')),
       ('minecraft-je', '14w34c', 'snapshot', STR_TO_DATE('2014-08-19T15:31:24', '%Y-%m-%dT%H:%i:%s')),
       ('minecraft-je', '14w34b', 'snapshot', STR_TO_DATE('2014-08-18T15:14:28', '%Y-%m-%dT%H:%i:%s')),
       ('minecraft-je', '14w34a', 'snapshot', STR_TO_DATE('2014-08-18T14:14:11', '%Y-%m-%dT%H:%i:%s')),
       ('minecraft-je', '14w33c', 'snapshot', STR_TO_DATE('2014-08-15T18:00:26', '%Y-%m-%dT%H:%i:%s')),
       ('minecraft-je', '14w33b', 'snapshot', STR_TO_DATE('2014-08-15T16:23:51', '%Y-%m-%dT%H:%i:%s')),
       ('minecraft-je', '14w33a', 'snapshot', STR_TO_DATE('2014-08-13T15:08:14', '%Y-%m-%dT%H:%i:%s')),
       ('minecraft-je', '14w32d', 'snapshot', STR_TO_DATE('2014-08-08T15:13:41', '%Y-%m-%dT%H:%i:%s')),
       ('minecraft-je', '14w32c', 'snapshot', STR_TO_DATE('2014-08-08T14:11:20', '%Y-%m-%dT%H:%i:%s')),
       ('minecraft-je', '14w32b', 'snapshot', STR_TO_DATE('2014-08-07T14:45:17', '%Y-%m-%dT%H:%i:%s')),
       ('minecraft-je', '14w32a', 'snapshot', STR_TO_DATE('2014-08-06T14:01:16', '%Y-%m-%dT%H:%i:%s')),
       ('minecraft-je', '14w31a', 'snapshot', STR_TO_DATE('2014-07-30T15:38:05', '%Y-%m-%dT%H:%i:%s')),
       ('minecraft-je', '14w30c', 'snapshot', STR_TO_DATE('2014-07-24T14:39:09', '%Y-%m-%dT%H:%i:%s')),
       ('minecraft-je', '14w30b', 'snapshot', STR_TO_DATE('2014-07-23T15:03:03', '%Y-%m-%dT%H:%i:%s')),
       ('minecraft-je', '14w30a', 'snapshot', STR_TO_DATE('2014-07-23T13:15:42', '%Y-%m-%dT%H:%i:%s')),
       ('minecraft-je', '14w29b', 'snapshot', STR_TO_DATE('2014-07-16T17:27:40', '%Y-%m-%dT%H:%i:%s')),
       ('minecraft-je', '14w29a', 'snapshot', STR_TO_DATE('2014-07-16T15:18:17', '%Y-%m-%dT%H:%i:%s')),
       ('minecraft-je', '14w28b', 'snapshot', STR_TO_DATE('2014-07-10T14:28:48', '%Y-%m-%dT%H:%i:%s')),
       ('minecraft-je', '14w28a', 'snapshot', STR_TO_DATE('2014-07-09T15:42:36', '%Y-%m-%dT%H:%i:%s')),
       ('minecraft-je', '14w27b', 'snapshot', STR_TO_DATE('2014-07-02T18:34:56', '%Y-%m-%dT%H:%i:%s')),
       ('minecraft-je', '14w27a', 'snapshot', STR_TO_DATE('2014-07-02T16:07:20', '%Y-%m-%dT%H:%i:%s')),
       ('minecraft-je', '14w26c', 'snapshot', STR_TO_DATE('2014-06-26T15:05:03', '%Y-%m-%dT%H:%i:%s')),
       ('minecraft-je', '14w26b', 'snapshot', STR_TO_DATE('2014-06-25T15:08:39', '%Y-%m-%dT%H:%i:%s')),
       ('minecraft-je', '14w26a', 'snapshot', STR_TO_DATE('2014-06-25T13:59:27', '%Y-%m-%dT%H:%i:%s')),
       ('minecraft-je', '14w25b', 'snapshot', STR_TO_DATE('2014-06-19T12:29:48', '%Y-%m-%dT%H:%i:%s')),
       ('minecraft-je', '14w25a', 'snapshot', STR_TO_DATE('2014-06-18T15:52:28', '%Y-%m-%dT%H:%i:%s')),
       ('minecraft-je', '14w21b', 'snapshot', STR_TO_DATE('2014-05-22T15:17:55', '%Y-%m-%dT%H:%i:%s')),
       ('minecraft-je', '14w21a', 'snapshot', STR_TO_DATE('2014-05-22T14:44:33', '%Y-%m-%dT%H:%i:%s')),
       ('minecraft-je', '14w20b', 'snapshot', STR_TO_DATE('2014-05-15T16:47:21', '%Y-%m-%dT%H:%i:%s')),
       ('minecraft-je', '14w20a', 'snapshot', STR_TO_DATE('2014-05-15T14:01:20', '%Y-%m-%dT%H:%i:%s')),
       ('minecraft-je', '1.7.10', 'release', STR_TO_DATE('2014-05-14T17:29:23', '%Y-%m-%dT%H:%i:%s')),
       ('minecraft-je', '1.7.10-pre4', 'snapshot', STR_TO_DATE('2014-05-14T16:29:23', '%Y-%m-%dT%H:%i:%s')),
       ('minecraft-je', '1.7.10-pre3', 'snapshot', STR_TO_DATE('2014-05-14T15:29:23', '%Y-%m-%dT%H:%i:%s')),
       ('minecraft-je', '1.7.10-pre2', 'snapshot', STR_TO_DATE('2014-05-14T14:29:23', '%Y-%m-%dT%H:%i:%s')),
       ('minecraft-je', '1.7.10-pre1', 'snapshot', STR_TO_DATE('2014-05-14T13:29:23', '%Y-%m-%dT%H:%i:%s')),
       ('minecraft-je', '14w19a', 'snapshot', STR_TO_DATE('2014-05-08T14:24:19', '%Y-%m-%dT%H:%i:%s')),
       ('minecraft-je', '14w18b', 'snapshot', STR_TO_DATE('2014-05-02T11:38:17', '%Y-%m-%dT%H:%i:%s')),
       ('minecraft-je', '14w18a', 'snapshot', STR_TO_DATE('2014-04-30T10:25:35', '%Y-%m-%dT%H:%i:%s')),
       ('minecraft-je', '14w17a', 'snapshot', STR_TO_DATE('2014-04-24T15:44:49', '%Y-%m-%dT%H:%i:%s')),
       ('minecraft-je', '14w11b', 'snapshot', STR_TO_DATE('2014-04-14T14:36:19', '%Y-%m-%dT%H:%i:%s')),
       ('minecraft-je', '1.7.9', 'release', STR_TO_DATE('2014-04-14T13:29:23', '%Y-%m-%dT%H:%i:%s')),
       ('minecraft-je', '1.7.8', 'release', STR_TO_DATE('2014-04-09T07:58:16', '%Y-%m-%dT%H:%i:%s')),
       ('minecraft-je', '1.7.7', 'release', STR_TO_DATE('2014-04-09T07:52:16', '%Y-%m-%dT%H:%i:%s')),
       ('minecraft-je', '1.7.6', 'release', STR_TO_DATE('2014-04-09T07:52:06', '%Y-%m-%dT%H:%i:%s')),
       ('minecraft-je', '14w11a', 'snapshot', STR_TO_DATE('2014-03-13T14:02:50', '%Y-%m-%dT%H:%i:%s')),
       ('minecraft-je', '1.7.6-pre2', 'snapshot', STR_TO_DATE('2014-03-08T11:00:01', '%Y-%m-%dT%H:%i:%s')),
       ('minecraft-je', '1.7.6-pre1', 'snapshot', STR_TO_DATE('2014-03-08T11:00:00', '%Y-%m-%dT%H:%i:%s')),
       ('minecraft-je', '14w10c', 'snapshot', STR_TO_DATE('2014-03-07T13:49:55', '%Y-%m-%dT%H:%i:%s')),
       ('minecraft-je', '14w10b', 'snapshot', STR_TO_DATE('2014-03-06T16:25:39', '%Y-%m-%dT%H:%i:%s')),
       ('minecraft-je', '14w10a', 'snapshot', STR_TO_DATE('2014-03-06T14:23:04', '%Y-%m-%dT%H:%i:%s')),
       ('minecraft-je', '14w08a', 'snapshot', STR_TO_DATE('2014-02-26T17:00:00', '%Y-%m-%dT%H:%i:%s')),
       ('minecraft-je', '1.7.5', 'release', STR_TO_DATE('2014-02-26T09:22:17', '%Y-%m-%dT%H:%i:%s')),
       ('minecraft-je', '14w07a', 'snapshot', STR_TO_DATE('2014-02-14T11:05:07', '%Y-%m-%dT%H:%i:%s')),
       ('minecraft-je', '14w06b', 'snapshot', STR_TO_DATE('2014-02-06T17:30:42', '%Y-%m-%dT%H:%i:%s')),
       ('minecraft-je', '14w06a', 'snapshot', STR_TO_DATE('2014-02-06T14:30:17', '%Y-%m-%dT%H:%i:%s')),
       ('minecraft-je', '14w05b', 'snapshot', STR_TO_DATE('2014-01-31T14:05:50', '%Y-%m-%dT%H:%i:%s')),
       ('minecraft-je', '14w05a', 'snapshot', STR_TO_DATE('2014-01-30T15:32:41', '%Y-%m-%dT%H:%i:%s')),
       ('minecraft-je', '14w04b', 'snapshot', STR_TO_DATE('2014-01-24T15:48:46', '%Y-%m-%dT%H:%i:%s')),
       ('minecraft-je', '14w04a', 'snapshot', STR_TO_DATE('2014-01-23T15:26:13', '%Y-%m-%dT%H:%i:%s')),
       ('minecraft-je', '14w03b', 'snapshot', STR_TO_DATE('2014-01-16T16:36:19', '%Y-%m-%dT%H:%i:%s')),
       ('minecraft-je', '14w03a', 'snapshot', STR_TO_DATE('2014-01-16T14:45:13', '%Y-%m-%dT%H:%i:%s')),
       ('minecraft-je', '14w02c', 'snapshot', STR_TO_DATE('2014-01-10T15:42:36', '%Y-%m-%dT%H:%i:%s')),
       ('minecraft-je', '14w02b', 'snapshot', STR_TO_DATE('2014-01-09T15:45:55', '%Y-%m-%dT%H:%i:%s')),
       ('minecraft-je', '14w02a', 'snapshot', STR_TO_DATE('2014-01-09T14:44:41', '%Y-%m-%dT%H:%i:%s')),
       ('minecraft-je', '1.7.4', 'release', STR_TO_DATE('2013-12-09T12:28:10', '%Y-%m-%dT%H:%i:%s')),
       ('minecraft-je', '1.7.3', 'release', STR_TO_DATE('2013-12-06T13:55:34', '%Y-%m-%dT%H:%i:%s')),
       ('minecraft-je', '13w49a', 'snapshot', STR_TO_DATE('2013-12-05T14:34:41', '%Y-%m-%dT%H:%i:%s')),
       ('minecraft-je', '13w48b', 'snapshot', STR_TO_DATE('2013-11-26T18:36:08', '%Y-%m-%dT%H:%i:%s')),
       ('minecraft-je', '13w48a', 'snapshot', STR_TO_DATE('2013-11-25T16:53:39', '%Y-%m-%dT%H:%i:%s')),
       ('minecraft-je', '13w47e', 'snapshot', STR_TO_DATE('2013-11-22T15:16:38', '%Y-%m-%dT%H:%i:%s')),
       ('minecraft-je', '13w47d', 'snapshot', STR_TO_DATE('2013-11-22T13:51:15', '%Y-%m-%dT%H:%i:%s')),
       ('minecraft-je', '13w47c', 'snapshot', STR_TO_DATE('2013-11-21T17:10:33', '%Y-%m-%dT%H:%i:%s')),
       ('minecraft-je', '13w47b', 'snapshot', STR_TO_DATE('2013-11-21T16:57:41', '%Y-%m-%dT%H:%i:%s')),
       ('minecraft-je', '13w47a', 'snapshot', STR_TO_DATE('2013-11-21T15:59:58', '%Y-%m-%dT%H:%i:%s')),
       ('minecraft-je', '1.7.2', 'release', STR_TO_DATE('2013-10-25T13:00:00', '%Y-%m-%dT%H:%i:%s')),
       ('minecraft-je', '1.7.1', 'snapshot', STR_TO_DATE('2013-10-23T12:01:07', '%Y-%m-%dT%H:%i:%s')),
       ('minecraft-je', '1.7', 'snapshot', STR_TO_DATE('2013-10-22T15:04:05', '%Y-%m-%dT%H:%i:%s')),
       ('minecraft-je', '13w43a', 'snapshot', STR_TO_DATE('2013-10-21T16:34:47', '%Y-%m-%dT%H:%i:%s')),
       ('minecraft-je', '13w42b', 'snapshot', STR_TO_DATE('2013-10-18T16:34:08', '%Y-%m-%dT%H:%i:%s')),
       ('minecraft-je', '13w42a', 'snapshot', STR_TO_DATE('2013-10-17T18:33:05', '%Y-%m-%dT%H:%i:%s')),
       ('minecraft-je', '13w41b', 'snapshot', STR_TO_DATE('2013-10-11T15:09:17', '%Y-%m-%dT%H:%i:%s')),
       ('minecraft-je', '13w41a', 'snapshot', STR_TO_DATE('2013-10-10T14:21:43', '%Y-%m-%dT%H:%i:%s')),
       ('minecraft-je', '13w39b', 'snapshot', STR_TO_DATE('2013-09-27T12:15:58', '%Y-%m-%dT%H:%i:%s')),
       ('minecraft-je', '13w39a', 'snapshot', STR_TO_DATE('2013-09-26T15:11:19', '%Y-%m-%dT%H:%i:%s')),
       ('minecraft-je', '13w38c', 'snapshot', STR_TO_DATE('2013-09-20T15:11:34', '%Y-%m-%dT%H:%i:%s')),
       ('minecraft-je', '13w38b', 'snapshot', STR_TO_DATE('2013-09-20T13:45:40', '%Y-%m-%dT%H:%i:%s')),
       ('minecraft-je', '13w38a', 'snapshot', STR_TO_DATE('2013-09-19T16:34:21', '%Y-%m-%dT%H:%i:%s')),
       ('minecraft-je', '1.6.4', 'release', STR_TO_DATE('2013-09-19T15:52:37', '%Y-%m-%dT%H:%i:%s')),
       ('minecraft-je', '13w37b', 'snapshot', STR_TO_DATE('2013-09-13T10:54:41', '%Y-%m-%dT%H:%i:%s')),
       ('minecraft-je', '1.6.3', 'snapshot', STR_TO_DATE('2013-09-13T10:54:41', '%Y-%m-%dT%H:%i:%s')),
       ('minecraft-je', '13w37a', 'snapshot', STR_TO_DATE('2013-09-12T14:23:14', '%Y-%m-%dT%H:%i:%s')),
       ('minecraft-je', '13w36b', 'snapshot', STR_TO_DATE('2013-09-06T12:31:58', '%Y-%m-%dT%H:%i:%s')),
       ('minecraft-je', '13w36a', 'snapshot', STR_TO_DATE('2013-09-05T13:05:40', '%Y-%m-%dT%H:%i:%s')),
       ('minecraft-je', '1.6.2', 'release', STR_TO_DATE('2013-07-05T13:09:02', '%Y-%m-%dT%H:%i:%s')),
       ('minecraft-je', '1.6.1', 'release', STR_TO_DATE('2013-06-28T14:48:41', '%Y-%m-%dT%H:%i:%s')),
       ('minecraft-je', '1.6', 'snapshot', STR_TO_DATE('2013-06-25T13:08:56', '%Y-%m-%dT%H:%i:%s')),
       ('minecraft-je', '13w26a', 'snapshot', STR_TO_DATE('2013-06-24T16:06:06', '%Y-%m-%dT%H:%i:%s')),
       ('minecraft-je', '13w25c', 'snapshot', STR_TO_DATE('2013-06-20T15:23:37', '%Y-%m-%dT%H:%i:%s')),
       ('minecraft-je', '13w25b', 'snapshot', STR_TO_DATE('2013-06-18T15:13:27', '%Y-%m-%dT%H:%i:%s')),
       ('minecraft-je', '13w25a', 'snapshot', STR_TO_DATE('2013-06-17T14:08:06', '%Y-%m-%dT%H:%i:%s')),
       ('minecraft-je', '13w24b', 'snapshot', STR_TO_DATE('2013-06-14T12:19:13', '%Y-%m-%dT%H:%i:%s')),
       ('minecraft-je', '13w24a', 'snapshot', STR_TO_DATE('2013-06-13T15:32:23', '%Y-%m-%dT%H:%i:%s')),
       ('minecraft-je', '13w23b', 'snapshot', STR_TO_DATE('2013-06-08T00:32:01', '%Y-%m-%dT%H:%i:%s')),
       ('minecraft-je', '13w23a', 'snapshot', STR_TO_DATE('2013-06-07T16:04:20', '%Y-%m-%dT%H:%i:%s')),
       ('minecraft-je', '13w22a', 'snapshot', STR_TO_DATE('2013-05-30T14:38:40', '%Y-%m-%dT%H:%i:%s')),
       ('minecraft-je', '13w21b', 'snapshot', STR_TO_DATE('2013-05-27T08:50:42', '%Y-%m-%dT%H:%i:%s')),
       ('minecraft-je', '13w21a', 'snapshot', STR_TO_DATE('2013-05-23T15:38:28', '%Y-%m-%dT%H:%i:%s')),
       ('minecraft-je', '13w19a', 'snapshot', STR_TO_DATE('2013-05-10T14:48:02', '%Y-%m-%dT%H:%i:%s')),
       ('minecraft-je', '13w18c', 'snapshot', STR_TO_DATE('2013-05-03T09:19:35', '%Y-%m-%dT%H:%i:%s')),
       ('minecraft-je', '13w18b', 'snapshot', STR_TO_DATE('2013-05-02T17:12:25', '%Y-%m-%dT%H:%i:%s')),
       ('minecraft-je', '13w18a', 'snapshot', STR_TO_DATE('2013-05-02T15:45:59', '%Y-%m-%dT%H:%i:%s')),
       ('minecraft-je', '13w17a', 'snapshot', STR_TO_DATE('2013-04-25T15:50:00', '%Y-%m-%dT%H:%i:%s')),
       ('minecraft-je', '1.5.2', 'release', STR_TO_DATE('2013-04-25T15:45:00', '%Y-%m-%dT%H:%i:%s')),
       ('minecraft-je', '13w16b', 'snapshot', STR_TO_DATE('2013-04-23T21:51:22', '%Y-%m-%dT%H:%i:%s')),
       ('minecraft-je', '13w16a', 'snapshot', STR_TO_DATE('2013-04-21T12:49:30', '%Y-%m-%dT%H:%i:%s')),
       ('minecraft-je', '1.5.1', 'release', STR_TO_DATE('2013-03-20T10:00:00', '%Y-%m-%dT%H:%i:%s')),
       ('minecraft-je', '1.5', 'snapshot', STR_TO_DATE('2013-03-06T22:00:00', '%Y-%m-%dT%H:%i:%s')),
       ('minecraft-je', '1.4.7', 'release', STR_TO_DATE('2012-12-27T22:00:00', '%Y-%m-%dT%H:%i:%s')),
       ('minecraft-je', '1.4.6', 'release', STR_TO_DATE('2012-12-19T22:00:00', '%Y-%m-%dT%H:%i:%s')),
       ('minecraft-je', '1.4.5', 'release', STR_TO_DATE('2012-12-19T22:00:00', '%Y-%m-%dT%H:%i:%s')),
       ('minecraft-je', '1.4.4', 'release', STR_TO_DATE('2012-12-13T22:00:00', '%Y-%m-%dT%H:%i:%s')),
       ('minecraft-je', '1.4.3', 'snapshot', STR_TO_DATE('2012-11-30T22:00:00', '%Y-%m-%dT%H:%i:%s')),
       ('minecraft-je', '1.4.2', 'release', STR_TO_DATE('2012-11-24T22:00:00', '%Y-%m-%dT%H:%i:%s')),
       ('minecraft-je', '1.4.1', 'snapshot', STR_TO_DATE('2012-11-22T22:00:00', '%Y-%m-%dT%H:%i:%s')),
       ('minecraft-je', '1.4', 'snapshot', STR_TO_DATE('2012-11-18T22:00:00', '%Y-%m-%dT%H:%i:%s')),
       ('minecraft-je', '1.3.2', 'release', STR_TO_DATE('2012-08-15T22:00:00', '%Y-%m-%dT%H:%i:%s')),
       ('minecraft-je', '1.3.1', 'release', STR_TO_DATE('2012-07-31T22:00:00', '%Y-%m-%dT%H:%i:%s')),
       ('minecraft-je', '1.3', 'snapshot', STR_TO_DATE('2012-07-25T22:00:00', '%Y-%m-%dT%H:%i:%s')),
       ('minecraft-je', '1.2.5', 'release', STR_TO_DATE('2012-03-29T22:00:00', '%Y-%m-%dT%H:%i:%s')),
       ('minecraft-je', '1.2.4', 'release', STR_TO_DATE('2012-03-21T22:00:00', '%Y-%m-%dT%H:%i:%s')),
       ('minecraft-je', '1.2.3', 'release', STR_TO_DATE('2012-03-01T22:00:00', '%Y-%m-%dT%H:%i:%s')),
       ('minecraft-je', '1.2.2', 'release', STR_TO_DATE('2012-02-29T22:00:01', '%Y-%m-%dT%H:%i:%s')),
       ('minecraft-je', '1.2.1', 'release', STR_TO_DATE('2012-02-29T22:00:00', '%Y-%m-%dT%H:%i:%s')),
       ('minecraft-je', '1.1', 'release', STR_TO_DATE('2012-01-11T22:00:00', '%Y-%m-%dT%H:%i:%s')),
       ('minecraft-je', '1.0', 'release', STR_TO_DATE('2011-11-17T22:00:00', '%Y-%m-%dT%H:%i:%s')),
       ('minecraft-je', 'b1.8.1', 'old_beta', STR_TO_DATE('2011-09-18T22:00:00', '%Y-%m-%dT%H:%i:%s')),
       ('minecraft-je', 'b1.8', 'old_beta', STR_TO_DATE('2011-09-14T22:00:00', '%Y-%m-%dT%H:%i:%s')),
       ('minecraft-je', 'b1.7.3', 'old_beta', STR_TO_DATE('2011-07-07T22:00:00', '%Y-%m-%dT%H:%i:%s')),
       ('minecraft-je', 'b1.7.2', 'old_beta', STR_TO_DATE('2011-06-30T22:00:00', '%Y-%m-%dT%H:%i:%s')),
       ('minecraft-je', 'b1.7', 'old_beta', STR_TO_DATE('2011-06-29T22:00:00', '%Y-%m-%dT%H:%i:%s')),
       ('minecraft-je', 'b1.6.6', 'old_beta', STR_TO_DATE('2011-05-30T22:00:00', '%Y-%m-%dT%H:%i:%s')),
       ('minecraft-je', 'b1.6.5', 'old_beta', STR_TO_DATE('2011-05-27T22:00:00', '%Y-%m-%dT%H:%i:%s')),
       ('minecraft-je', 'b1.6.4', 'old_beta', STR_TO_DATE('2011-05-25T22:00:04', '%Y-%m-%dT%H:%i:%s')),
       ('minecraft-je', 'b1.6.3', 'old_beta', STR_TO_DATE('2011-05-25T22:00:03', '%Y-%m-%dT%H:%i:%s')),
       ('minecraft-je', 'b1.6.2', 'old_beta', STR_TO_DATE('2011-05-25T22:00:02', '%Y-%m-%dT%H:%i:%s')),
       ('minecraft-je', 'b1.6.1', 'old_beta', STR_TO_DATE('2011-05-25T22:00:01', '%Y-%m-%dT%H:%i:%s')),
       ('minecraft-je', 'b1.6', 'old_beta', STR_TO_DATE('2011-05-25T22:00:00', '%Y-%m-%dT%H:%i:%s')),
       ('minecraft-je', 'b1.5_01', 'old_beta', STR_TO_DATE('2011-04-19T22:00:00', '%Y-%m-%dT%H:%i:%s')),
       ('minecraft-je', 'b1.5', 'old_beta', STR_TO_DATE('2011-04-18T22:00:00', '%Y-%m-%dT%H:%i:%s')),
       ('minecraft-je', 'b1.4_01', 'old_beta', STR_TO_DATE('2011-04-04T22:00:00', '%Y-%m-%dT%H:%i:%s')),
       ('minecraft-je', 'b1.4', 'old_beta', STR_TO_DATE('2011-03-30T22:00:00', '%Y-%m-%dT%H:%i:%s')),
       ('minecraft-je', 'b1.3_01', 'old_beta', STR_TO_DATE('2011-02-22T22:00:00', '%Y-%m-%dT%H:%i:%s')),
       ('minecraft-je', 'b1.3b', 'old_beta', STR_TO_DATE('2011-02-21T22:00:00', '%Y-%m-%dT%H:%i:%s')),
       ('minecraft-je', 'b1.2_02', 'old_beta', STR_TO_DATE('2011-01-20T22:00:00', '%Y-%m-%dT%H:%i:%s')),
       ('minecraft-je', 'b1.2_01', 'old_beta', STR_TO_DATE('2011-01-13T22:00:00', '%Y-%m-%dT%H:%i:%s')),
       ('minecraft-je', 'b1.2', 'old_beta', STR_TO_DATE('2011-01-12T22:00:00', '%Y-%m-%dT%H:%i:%s')),
       ('minecraft-je', 'b1.1_02', 'old_beta', STR_TO_DATE('2010-12-21T22:00:01', '%Y-%m-%dT%H:%i:%s')),
       ('minecraft-je', 'b1.1_01', 'old_beta', STR_TO_DATE('2010-12-21T22:00:00', '%Y-%m-%dT%H:%i:%s')),
       ('minecraft-je', 'b1.0.2', 'old_beta', STR_TO_DATE('2010-12-20T22:00:00', '%Y-%m-%dT%H:%i:%s')),
       ('minecraft-je', 'b1.0_01', 'old_beta', STR_TO_DATE('2010-12-19T22:00:01', '%Y-%m-%dT%H:%i:%s')),
       ('minecraft-je', 'b1.0', 'old_beta', STR_TO_DATE('2010-12-19T22:00:00', '%Y-%m-%dT%H:%i:%s')),
       ('minecraft-je', 'a1.2.6', 'old_alpha', STR_TO_DATE('2010-12-02T22:00:00', '%Y-%m-%dT%H:%i:%s')),
       ('minecraft-je', 'a1.2.5', 'old_alpha', STR_TO_DATE('2010-11-30T22:00:00', '%Y-%m-%dT%H:%i:%s')),
       ('minecraft-je', 'a1.2.4_01', 'old_alpha', STR_TO_DATE('2010-11-29T22:00:00', '%Y-%m-%dT%H:%i:%s')),
       ('minecraft-je', 'a1.2.3_04', 'old_alpha', STR_TO_DATE('2010-11-25T22:00:00', '%Y-%m-%dT%H:%i:%s')),
       ('minecraft-je', 'a1.2.3_02', 'old_alpha', STR_TO_DATE('2010-11-24T22:00:00', '%Y-%m-%dT%H:%i:%s')),
       ('minecraft-je', 'a1.2.3_01', 'old_alpha', STR_TO_DATE('2010-11-23T22:00:01', '%Y-%m-%dT%H:%i:%s')),
       ('minecraft-je', 'a1.2.3', 'old_alpha', STR_TO_DATE('2010-11-23T22:00:00', '%Y-%m-%dT%H:%i:%s')),
       ('minecraft-je', 'a1.2.2b', 'old_alpha', STR_TO_DATE('2010-11-09T22:00:01', '%Y-%m-%dT%H:%i:%s')),
       ('minecraft-je', 'a1.2.2a', 'old_alpha', STR_TO_DATE('2010-11-09T22:00:00', '%Y-%m-%dT%H:%i:%s')),
       ('minecraft-je', 'a1.2.1_01', 'old_alpha', STR_TO_DATE('2010-11-04T22:00:01', '%Y-%m-%dT%H:%i:%s')),
       ('minecraft-je', 'a1.2.1', 'old_alpha', STR_TO_DATE('2010-11-04T22:00:00', '%Y-%m-%dT%H:%i:%s')),
       ('minecraft-je', 'a1.2.0_02', 'old_alpha', STR_TO_DATE('2010-11-03T22:00:00', '%Y-%m-%dT%H:%i:%s')),
       ('minecraft-je', 'a1.2.0_01', 'old_alpha', STR_TO_DATE('2010-10-30T22:00:00', '%Y-%m-%dT%H:%i:%s')),
       ('minecraft-je', 'a1.2.0', 'old_alpha', STR_TO_DATE('2010-10-29T22:00:00', '%Y-%m-%dT%H:%i:%s')),
       ('minecraft-je', 'a1.1.2_01', 'old_alpha', STR_TO_DATE('2010-09-22T22:00:00', '%Y-%m-%dT%H:%i:%s')),
       ('minecraft-je', 'a1.1.2', 'old_alpha', STR_TO_DATE('2010-09-19T22:00:00', '%Y-%m-%dT%H:%i:%s')),
       ('minecraft-je', 'a1.1.0', 'old_alpha', STR_TO_DATE('2010-09-12T22:00:00', '%Y-%m-%dT%H:%i:%s')),
       ('minecraft-je', 'a1.0.17_04', 'old_alpha', STR_TO_DATE('2010-08-22T22:00:00', '%Y-%m-%dT%H:%i:%s')),
       ('minecraft-je', 'a1.0.17_02', 'old_alpha', STR_TO_DATE('2010-08-19T22:00:00', '%Y-%m-%dT%H:%i:%s')),
       ('minecraft-je', 'a1.0.16', 'old_alpha', STR_TO_DATE('2010-08-11T22:00:00', '%Y-%m-%dT%H:%i:%s')),
       ('minecraft-je', 'a1.0.15', 'old_alpha', STR_TO_DATE('2010-08-03T22:00:00', '%Y-%m-%dT%H:%i:%s')),
       ('minecraft-je', 'a1.0.14', 'old_alpha', STR_TO_DATE('2010-07-29T22:00:00', '%Y-%m-%dT%H:%i:%s')),
       ('minecraft-je', 'a1.0.11', 'old_alpha', STR_TO_DATE('2010-07-22T22:00:00', '%Y-%m-%dT%H:%i:%s')),
       ('minecraft-je', 'a1.0.5_01', 'old_alpha', STR_TO_DATE('2010-07-12T22:00:00', '%Y-%m-%dT%H:%i:%s')),
       ('minecraft-je', 'a1.0.4', 'old_alpha', STR_TO_DATE('2010-07-08T22:00:00', '%Y-%m-%dT%H:%i:%s')),
       ('minecraft-je', 'inf-20100618', 'old_alpha', STR_TO_DATE('2010-06-15T22:00:00', '%Y-%m-%dT%H:%i:%s')),
       ('minecraft-je', 'c0.30_01c', 'old_alpha', STR_TO_DATE('2009-12-21T22:00:00', '%Y-%m-%dT%H:%i:%s')),
       ('minecraft-je', 'c0.0.13a', 'old_alpha', STR_TO_DATE('2009-05-30T22:00:00', '%Y-%m-%dT%H:%i:%s')),
       ('minecraft-je', 'c0.0.13a_03', 'old_alpha', STR_TO_DATE('2009-05-21T22:00:00', '%Y-%m-%dT%H:%i:%s')),
       ('minecraft-je', 'c0.0.11a', 'old_alpha', STR_TO_DATE('2009-05-16T22:00:00', '%Y-%m-%dT%H:%i:%s')),
       ('minecraft-je', 'rd-161348', 'old_alpha', STR_TO_DATE('2009-05-16T11:48:00', '%Y-%m-%dT%H:%i:%s')),
       ('minecraft-je', 'rd-160052', 'old_alpha', STR_TO_DATE('2009-05-15T22:52:00', '%Y-%m-%dT%H:%i:%s')),
       ('minecraft-je', 'rd-20090515', 'old_alpha', STR_TO_DATE('2009-05-14T22:00:00', '%Y-%m-%dT%H:%i:%s')),
       ('minecraft-je', 'rd-132328', 'old_alpha', STR_TO_DATE('2009-05-13T21:28:00', '%Y-%m-%dT%H:%i:%s')),
       ('minecraft-je', 'rd-132211', 'old_alpha', STR_TO_DATE('2009-05-13T20:11:00', '%Y-%m-%dT%H:%i:%s'));

INSERT INTO roles(name)
VALUES ('admin');

INSERT INTO role_permissions(role_id, permission)
VALUES (1, 'admin.view');